Comment,Designator,Footprint,LCSC Part #
"0.1uF Unpolarized capacitor, small symbol","C1,C2,C4,C5,C6,C8",C_0402_1005Metric,
"10uF Unpolarized capacitor, small symbol","C3,C7,C9",C_0603_1608Metric,
POWER LED Light emitting diode,D1,LED_0603_1608Metric,
EXT LED Light emitting diode,D2,LED_0603_1608Metric,
LESD5D5.0CT1G ,"D3,D4,D5",TVS_LESD5D5.0CT1G,
"1N5819 40V 1A Schottky Barrier Rectifier Diode, DO-41",D6,D_SOD-123,
MountingHole Mounting Hole without connection,"H1,H2,H3,H4",MountingHole_3.2mm_M3_Pad,
USB_B_Micro USB Micro Type B connector,J1,C10418,
"Comm. Generic connector, single row, 01x04, script generated (kicad-library-utils/schlib/autogen/connector/)",J2,JST_XH_B4B-XH-A_1x04_P2.50mm_Vertical,
"I2C Generic connector, single row, 01x02, script generated (kicad-library-utils/schlib/autogen/connector/)",J3,JST_XH_B2B-XH-A_1x02_P2.50mm_Vertical,
"220R Resistor, small symbol","R1,R2,R3,R4,R9,R10,R11,R12,R17,R18,R19,R20,R25,R26,R27,R28",R_0603_1608Metric,
"4K7 Resistor, small symbol","R5,R6,R7,R8,R13,R14,R15,R16,R21,R22,R23,R24,R29,R30,R31,R32",R_0603_1608Metric,
"10K Resistor, small symbol","R33,R34,R35",R_0603_1608Metric,
"43R Resistor, small symbol",R36,R_0603_1608Metric,
"82R Resistor, small symbol",R37,C_0603_1608Metric,
RESET MEC 5E single pole normally-open tactile switch,SW1,SW_SPST_PTS810,
BOOT MEC 5E single pole normally-open tactile switch,SW2,SW_SPST_PTS810,
TCRT5000 ,"T1,T2,T3,T4,T5,T6,T7,T8,T9,T10,T11,T12,T13,T14,T15,T16",TCRT5000,
ESP32-S2-MINI-2 ,U1,XCVR_ESP32-S2-MINI-2,
"AMS1117 1A Low Dropout regulator, positive, adjustable output, SOT-223",U2,SOT-223-3_TabPin2,
