Ref,Val,Package,PosX,PosY,Rot,Side
"T1","TCRT5000","TCRT5000",145.000000,-77.000000,0.000000,bottom
"T2","TCRT5000","TCRT5000",139.823800,-50.977500,22.500000,bottom
"T3","TCRT5000","TCRT5000",125.083200,-28.916800,45.000000,bottom
"T4","TCRT5000","TCRT5000",103.022500,-14.166200,67.500000,bottom
"T5","TCRT5000","TCRT5000",77.000000,-9.000000,90.000000,bottom
"T6","TCRT5000","TCRT5000",50.977500,-14.166200,112.500000,bottom
"T7","TCRT5000","TCRT5000",28.916800,-28.916800,135.000000,bottom
"T8","TCRT5000","TCRT5000",14.166200,-50.977500,157.500000,bottom
"T9","TCRT5000","TCRT5000",9.000000,-77.000000,180.000000,bottom
"T10","TCRT5000","TCRT5000",14.166200,-103.022500,-157.500000,bottom
"T11","TCRT5000","TCRT5000",28.916800,-125.083200,-135.000000,bottom
"T12","TCRT5000","TCRT5000",50.977500,-139.833800,-112.500000,bottom
"T13","TCRT5000","TCRT5000",77.000000,-145.000000,-90.000000,bottom
"T14","TCRT5000","TCRT5000",103.022500,-139.833800,-67.500000,bottom
"T15","TCRT5000","TCRT5000",125.083200,-125.083200,-45.000000,bottom
"T16","TCRT5000","TCRT5000",139.833800,-103.022500,-22.500000,bottom
