Designator,Val,Package,Mid X,Mid Y,Rotation,Layer
C1,0.1uF,C_0402_1005Metric,57.15,-30.9928,-90,top
C2,0.1uF,C_0402_1005Metric,89.8016,-32.0798,90,top
C3,10uF,C_0603_1608Metric,86.144,-32.1436,-90,top
C4,0.1uF,C_0402_1005Metric,87.8712,-32.1436,-90,top
C5,0.1uF,C_0402_1005Metric,68.0592,-31.5848,90,top
C6,0.1uF,C_0402_1005Metric,98.7044,-11.7348,67.5,top
C7,10uF,C_0603_1608Metric,97.061742,-11.054388,67.5,top
C8,0.1uF,C_0402_1005Metric,87.262,-19.7624,-90,top
C9,10uF,C_0603_1608Metric,87.1604,-15.3936,90,top
D1,POWER LED,LED_0603_1608Metric,69.5452,-12.9032,90,top
D2,EXT LED,LED_0603_1608Metric,52.07,-27.2796,0,top
D3,LESD5D5.0CT1G,TVS_LESD5D5.0CT1G,87.2616,-8.5724,-11.25,top
D4,LESD5D5.0CT1G,TVS_LESD5D5.0CT1G,87.558933,-7.15,-11.25,top
D5,LESD5D5.0CT1G,TVS_LESD5D5.0CT1G,93.1164,-8.897467,78.75,top
D6,1N5819,D_SOD-123,94.8436,-10.4648,78.75,top
J1,USB_B_Micro,C10418,92.436212,-4.981838,168.75,top
J2,Comm.,JST_XH_B4B-XH-A_1x04_P2.50mm_Vertical,67.927967,-6.425324,-168.75,top
J3,I2C,JST_XH_B2B-XH-A_1x02_P2.50mm_Vertical,44.255291,-15.978301,-67.5,top
R1,220R,R_0603_1608Metric,148.662499,-81.77,180,top
R2,220R,R_0603_1608Metric,145.032916,-53.982849,-157.5,top
R3,220R,R_0603_1608Metric,131.045904,-29.699948,-135,top
R4,220R,R_0603_1608Metric,108.831005,-12.6079,-112.5,top
R5,4K7,R_0603_1608Metric,141.3375,-81.77,0,top
R6,4K7,R_0603_1608Metric,138.265499,-56.786005,22.5,top
R7,4K7,R_0603_1608Metric,125.866347,-34.879504,45,top
R8,4K7,R_0603_1608Metric,106.027849,-19.375317,67.5,top
R9,220R,R_0603_1608Metric,81.77,-5.337501,-90,top
R10,220R,R_0603_1608Metric,53.982849,-8.957084,-67.5,top
R11,220R,R_0603_1608Metric,29.699948,-22.954096,-45,top
R12,220R,R_0603_1608Metric,12.6079,-45.168995,-22.5,top
R13,4K7,R_0603_1608Metric,81.77,-12.6625,90,top
R14,4K7,R_0603_1608Metric,56.786005,-15.724501,112.5,top
R15,4K7,R_0603_1608Metric,34.879504,-28.133653,135,top
R16,4K7,R_0603_1608Metric,19.375317,-47.972151,157.5,top
R17,220R,R_0603_1608Metric,5.337501,-72.23,0,top
R18,220R,R_0603_1608Metric,8.957084,-100.017151,22.5,top
R19,220R,R_0603_1608Metric,22.954096,-124.300052,45,top
R20,220R,R_0603_1608Metric,45.168995,-141.3921,67.5,top
R21,4K7,R_0603_1608Metric,12.6625,-72.23,180,top
R22,4K7,R_0603_1608Metric,15.724501,-97.213995,-157.5,top
R23,4K7,R_0603_1608Metric,28.133653,-119.120496,-135,top
R24,4K7,R_0603_1608Metric,47.972151,-134.624683,-112.5,top
R25,220R,R_0603_1608Metric,72.23,-148.662499,90,top
R26,220R,R_0603_1608Metric,100.017151,-145.042916,112.5,top
R27,220R,R_0603_1608Metric,124.300052,-131.045904,135,top
R28,220R,R_0603_1608Metric,141.3921,-108.831005,157.5,top
R29,4K7,R_0603_1608Metric,72.23,-141.3375,-90,top
R30,4K7,R_0603_1608Metric,97.213995,-138.275499,-67.5,top
R31,4K7,R_0603_1608Metric,119.120496,-125.866347,-45,top
R32,4K7,R_0603_1608Metric,134.624683,-106.027849,-22.5,top
R33,10K,R_0603_1608Metric,70.9391,-17.39,0,top
R34,10K,R_0603_1608Metric,67.8641,-19.615,-90,top
R35,10K,R_0603_1608Metric,66.332,-31.5848,-90,top
R36,43R,R_0603_1608Metric,71.2724,-12.9032,90,top
R37,82R,C_0603_1608Metric,47.2948,-27.2796,0,top
SW1,RESET,SW_SPST_PTS810,61.0616,-31.2928,0,top
SW2,BOOT,SW_SPST_PTS810,94.1274,-31.7454,180,top
U1,ESP32-S2-MINI-2,XCVR_ESP32-S2-MINI-2,76.8641,-26.39,180,top
U2,AMS1117,SOT-223-3_TabPin2,92.5448,-17.5132,180,top
