Designator,Footprint,Quantity,Value,LCSC Part #
"C1, C10, C11, C2, C4, C5, C6, C8",0402,8,0.1uF,
"C3, C7, C9",0603,3,10uF,
D1,0603,1,POWER LED,
D2,0603,1,EXT LED,
"D3, D4, D5",SOD-523_L1.2-W0.8-LS1.6-BI,3,LESD5D5.0CT1G,C5274290
D6,SOD-123_L2.7-W1.6-LS3.7-RD,1,1N5819HW-7-F,C82544
J2,JST_XH_B2B-XH-A_1x02_P2.50mm_Vertical,1,UART,
J22,PinHeader_1x01_P2.54mm_Vertical,1,RST,
J3,IDC-Header_2x05_P2.54mm_Vertical,1,IDC Comm.,
J4,PinSocket_1x06_P2.54mm_Vertical,1,BNO Left,
J5,PinSocket_1x04_P2.54mm_Vertical,1,BNO Right,
J6,PinSocket_1x04_P2.54mm_Vertical,1,OLED,
"LED1, LED10, LED11, LED12, LED13, LED14, LED15, LED16, LED2, LED3, LED4, LED5, LED6, LED7, LED8, LED9",TSSP94038,16,TSSP94038,
R3,0603,1,10K,
R4,0603,1,43R,
R5,0603,1,82R,
SW1,SW-SMD_4P_PTS810SJM250SMTRLFS,1,RESET,C221897
SW2,SW-SMD_4P_PTS810SJM250SMTRLFS,1,BOOT,C221897
SW3,SW-TH_4P-L6.0-W6.0-P4.50-LS6.3,1,BTN_1,C2889001
SW4,SW-TH_4P-L6.0-W6.0-P4.50-LS6.3,1,BTN_2,C2889001
SW5,SW-TH_4P-L6.0-W6.0-P4.50-LS6.3,1,BTN_3,C2889001
SW6,SW-TH_4P-L6.0-W6.0-P4.50-LS6.3,1,BTN_4,C2889001
SW7,SW-TH_4P-L6.0-W6.0-P4.50-LS6.3,1,BTN_5,C2889001
U1,ESP32-S2-MINI-2,1,ESP32-S2-MINI-2,
U2,SOT-223-3_TabPin2,1,AMS1117,
USB1,MICRO-USB-SMD_5P-P0.65-H-F_C10418,1,micro USBFemale,C10418
