Designator,Mid X,Mid Y,Rotation,Layer
C1,87.376,-66.929,270.0,top
C10,133.25,-94.75,270.0,top
C11,62.54,-93.937,90.0,top
C2,109.093,-67.183,90.0,top
C3,106.299,-66.548,270.0,top
C4,107.823,-67.155,270.0,top
C5,88.641,-66.923,90.0,top
C6,117.856,-58.067,270.0,top
C7,116.459,-57.772,270.0,top
C8,108.966,-60.452,0.0,top
C9,108.204,-51.689,0.0,top
D1,114.808,-60.833,180.0,top
D2,88.265,-62.1655,270.0,top
D3,112.25,-50.25,77.0,top
D4,110.0,-49.5,77.0,top
D5,112.5,-52.25,0.0,top
D6,115.25,-50.75,167.0,top
J2,118.11611652351682,-80.11611652351682,135.0,top
J22,130.5,-115.5,0.0,top
J3,79.1019733534278,-120.89802654342753,45.0,top
J4,130.525,-100.085,0.0,top
J5,148.305,-100.085,0.0,top
J6,60.0,-91.27,180.0,top
LED1,155.0,-100.0,90.0,bottom
LED10,49.1866,-78.9526,292.5,bottom
LED11,61.10895,-61.10895,315.0,bottom
LED12,78.9526,-49.1866,337.5,bottom
LED13,100.0,-45.0,0.0,bottom
LED14,121.0474,-49.1866,22.5,bottom
LED15,138.89105,-61.10895,45.0,bottom
LED16,150.8134,-78.9526,67.5,bottom
LED2,150.8134,-121.0474,112.5,bottom
LED3,138.89105,-138.89105,135.0,bottom
LED4,121.0474,-150.8134,157.5,bottom
LED5,100.0,-155.0,180.0,bottom
LED6,78.9526,-150.8134,202.5,bottom
LED7,61.10895,-138.89105,225.0,bottom
LED8,49.1866,-121.0474,247.5,bottom
LED9,45.0,-100.0,270.0,bottom
R3,85.979,-66.421,270.0,top
R4,111.633,-60.833,0.0,top
R5,88.265,-58.928,90.0,top
SW1,81.0,-68.0,180.0,top
SW2,115.0,-68.0,180.0,top
SW3,100.0,-130.0,0.0,top
SW4,90.0,-142.0,0.0,top
SW5,100.0,-137.5,0.0,top
SW6,110.0,-142.0,0.0,top
SW7,100.0,-145.0,0.0,top
U1,97.187,-60.403,180.0,top
U2,111.12,-56.227,0.0,top
USB1,112.375253,-46.371852,167.0,top
